Country,1995,1996,1997,1998,1999,2000,2001,2002,2003,2004,2005,2006,2007,2008,2009,2010,2011,2012,2013,2014,2015,2016,2017,2018,2019,2020
AFG,..,..,..,..,..,..,..,183.5327752,200.4623759,221.6576621,255.0551071,274.0006557,375.0782615,387.8492881,443.8451505,554.5947346,621.9124138,663.1410528,651.9878619,628.1468039,592.4761648,520.2519549,530.1498626,502.0570992,500.5229808,516.8667974
ALB,750.6044492,1009.977114,717.3800477,813.7893966,1033.242532,1126.68334,1281.659826,1425.124219,1846.120121,2373.581292,2673.787803,2972.743618,3595.038302,4370.539711,4114.134041,4094.349699,4437.141146,4247.631356,4413.063397,4578.633208,3952.803584,4124.05539,4531.032207,5287.660817,5396.214227,5343.037704
DZA,1466.544691,1619.532403,1634.46741,1610.302968,1602.864915,1780.376071,1754.582365,1794.811114,2117.048229,2624.795232,3131.328176,3500.13461,3971.803488,4946.564017,3898.478806,4495.921455,5473.281801,5610.733306,5519.777576,5516.229463,4197.419971,3967.20066,4134.936099,4171.795309,4021.983608,3354.157303
ASM,..,..,..,..,..,..,..,8800.72881,9043.682367,8832.818519,8733.014287,8673.927195,9187.166344,10019.50225,12191.59773,10446.86321,10495.30473,11920.06109,12038.87159,12313.99736,13101.54182,13300.82461,12372.88478,13195.9359,13672.57666,15501.52634
AND,18731.65069,19081.53796,18253.08538,18592.24302,18884.17135,21620.46849,22809.08776,24784.96379,31954.15566,37630.76426,39583.93119,43084.29291,50562.86121,53721.41133,49750.69367,48237.89117,51428.19695,44902.38077,44747.75386,45680.53499,38885.53032,39931.21698,40632.23155,42904.82846,41328.6005,37207.222
AGO,399.7355584,523.3109091,514.3098866,423.3934528,387.6894148,556.8842437,527.4641185,872.657638,982.8055896,1254.696126,1900.723817,2597.963585,3121.348735,4081.717497,3123.698898,3496.784796,4511.153227,4962.552072,5101.983876,5059.080441,3100.830685,1709.515534,2283.214233,2487.500996,2142.238757,1502.950754
ATG,8440.034526,9079.481212,9556.832802,10029.47775,10379.1604,11010.19746,10502.93881,10549.66619,10968.89268,11650.84848,12808.01015,14310.68623,16006.13611,16457.10406,14530.59869,13404.51602,13117.14694,13686.47659,13350.14914,14004.81121,14861.88271,15862.65166,16110.3124,17514.35586,18187.77971,15284.77238
ARG,7383.70451,7690.157003,8176.771195,8250.673174,7735.32208,7666.517834,7168.975872,2579.488769,3333.152904,4258.160261,5086.627761,5890.978002,7210.595548,8977.506851,8184.389889,10385.96443,12848.74048,13082.66433,13080.25473,12334.79825,13789.06042,12790.26406,14613.03571,11795.16289,9963.674231,8496.428157
ARM,441.8940018,484.091641,501.1565152,584.3842673,575.6284792,603.2980252,676.1500113,765.3161777,910.1712617,1166.638204,1608.163409,2109.526385,3064.279961,3908.949057,2917.366245,3143.029482,3462.681774,3643.715404,3833.157071,4017.229913,3666.141825,3679.952349,4041.995072,4391.923274,4828.504889,4505.867746
ABW,17140.43337,17375.22531,18713.42539,19742.31674,19833.82675,21023.15751,20913.2995,21377.09519,22050.83093,24104.64618,24975.67326,25833.44562,27665.42647,29011.55925,25739.13725,24452.92836,26044.43593,25609.95572,26515.67808,26942.30798,28421.38649,28451.27374,29326.70806,30918.51522,31902.76258,24487.86357
AUS,20446.71985,22020.0798,23645.05749,21478.38516,20698.7127,21853.44999,19681.64503,20290.78042,23705.90722,30819.99349,34460.543,36570.76307,41023.75486,49681.21907,42810.46584,52132.46961,62598.68662,68047.37818,68156.3861,62515.31483,56708.9612,49876.71238,53934.15437,57206.99067,54941.06572,51722.069
AUT,30325.84958,29809.07677,26705.4786,27361.87511,27183.47593,24625.60072,24558.76368,26527.59309,32294.04886,36889.23351,38417.45779,40669.32696,46915.3374,51919.98358,48153.32402,46903.76159,51442.27625,48564.91734,50731.12725,51786.37717,44195.81759,45307.58786,47429.15846,51466.55656,50070.40335,48809.22688
AZE,314.5581973,409.1856231,505.5162042,561.9070354,573.8932966,655.0974326,703.6712504,763.1087646,883.6925807,1045.014165,1578.36733,2472.957257,3851.331012,5574.470962,4950.397437,5843.533768,7189.815151,7495.861942,7875.344611,7890.83525,5500.50462,3880.686267,4147.198619,4739.795242,4805.753718,4229.910649
BHS,11447.0179,11835.38679,20415.70617,21665.38786,23991.7008,24849.60648,25234.14415,26590.14018,26204.8805,26393.41395,28280.87084,28829.84938,29687.86522,29013.63029,27120.69055,27046.65767,26644.92658,28059.6554,27389.60197,28720.66219,29724.95334,29675.53589,30708.98702,31483.97884,32279.01136,23998.26802
BHR,9543.390109,9643.309528,9728.447229,9195.426527,9566.096024,12738.77412,12291.83261,12819.99594,14230.29675,15777.96364,17705.23516,19057.7989,20883.54803,23155.82145,19448.18326,21186.81433,23741.55746,25102.72635,25790.73031,25464.7601,22795.44886,22867.18112,24349.90987,25415.84662,25869.11291,23433.18724
BGD,322.0873898,387.3848632,395.3180524,401.9651801,404.4861431,413.1001853,410.0485409,407.9629676,440.7144048,469.1164584,492.8086489,503.5383322,552.3389345,630.1089792,698.5209416,776.8595769,856.3818868,876.8180068,973.7739002,1108.514957,1236.004398,1659.962489,1815.610191,1963.412707,2122.078386,2233.305893
BRB,8451.958599,8994.324063,9491.475434,10685.26061,11173.94937,11560.2459,11510.04043,11658.62904,11998.17569,12828.43895,14173.75138,15595.63946,17219.04868,17550.66334,16310.46053,16489.79582,16907.20926,16691.33264,16893.60627,16924.19034,16990.21947,17343.72544,17843.19793,18224.89059,19002.96238,16643.80658
BLR,1370.699283,1452.507105,1396.442019,1511.325316,1210.61172,1276.288034,1244.373185,1479.383417,1819.525792,2378.339757,3126.071767,3848.216026,4735.484753,6376.183153,5352.489591,6034.678852,6527.654969,6953.217307,7998.077953,8341.288104,5967.069185,5039.776032,5785.534975,6360.05206,6837.767232,6542.86454
BEL,28413.82644,27489.55518,24820.93805,25338.44329,25252.80191,23098.88651,23015.07126,25006.1914,30655.20927,35429.40779,36809.70134,38705.1068,44319.16545,48303.39796,44760.29124,44184.94635,47410.56693,44670.56068,46757.95186,47764.07151,41008.29672,42012.62272,44198.48239,47544.98115,46641.71166,45517.90382
BLZ,4021.006504,4057.853603,3997.84448,4063.901968,4189.350028,4642.147035,4687.625957,4816.650846,4916.703914,5106.053034,5212.661614,5475.72291,5707.113365,5656.408361,5348.997839,5397.291575,5521.366276,5645.895822,5887.933435,6068.088609,6142.478833,6148.706961,6100.994681,6059.162553,6210.565543,5266.87616
BEN,358.8229871,380.5882867,355.1420716,372.8773468,541.702259,502.997981,508.3474475,564.3790581,698.4087771,784.1190746,805.9046858,837.1320026,944.6431712,1098.946678,1061.718359,1009.489494,1099.414311,1112.569535,1214.295566,1251.504765,1041.652523,1049.820303,1095.274459,1194.438214,1170.965533,1237.949295
BMU,33989.72316,44826.78907,48478.88325,51371.74081,54245.45974,56284.16865,58883.95943,62583.1002,66111.72523,70359.31911,75882.03386,95221.85887,104287.3875,106935.4863,101407.764,101875.2841,97774.16207,98431.86518,99471.6389,98467.68399,102005.6256,106885.8785,111820.5815,113050.7369,116153.1661,107791.8864
BTN,550.6562335,564.486939,644.0878065,652.3610292,699.3313305,722.8267562,765.0092339,841.3663104,951.7391671,1050.133115,1201.433648,1299.631249,1714.031072,1780.112218,1768.745957,2194.12587,2491.273456,2470.072136,2409.439989,2589.899141,2695.636904,2879.546572,3240.706326,3210.707814,3303.962309,3009.925516
BOL,856.3651129,925.8491189,973.9625705,1025.409433,981.7529219,977.3294704,930.8757313,888.198576,892.3553805,951.9516229,1018.313662,1200.068092,1351.035154,1687.578567,1725.146286,1922.058662,2304.982295,2562.466784,2853.797162,3022.462884,2975.648811,3013.502707,3280.008214,3471.006951,3472.380831,3068.812555
BIH,497.6828466,712.9536456,907.1488704,1000.417072,1128.398647,1332.210523,1382.767724,1602.56371,2031.402244,2451.577258,2741.080141,3170.174873,3936.932459,4846.792101,4542.310904,4506.933669,4980.906155,4688.345902,5025.240652,5196.969426,4654.609552,4917.263698,5327.393184,6024.491546,6094.723214,6095.102479
BWA,3064.586353,3063.994873,3100.165355,2893.328745,3242.13716,3351.696517,3115.679,3029.788522,4111.738085,4818.213103,5240.316159,5142.913834,5372.340732,5345.848491,4938.250136,6041.732051,7080.778297,6392.987347,6436.603063,6844.032996,5869.737772,6411.551666,6705.341062,6947.817841,6691.161051,5875.070606
BRA,4704.961546,5121.905407,5240.128796,5049.76612,3456.423595,3726.81142,3142.235528,2824.715396,3056.64968,3623.223905,4773.26848,5866.024313,7323.19034,8801.759475,8569.901805,11249.29374,13200.55817,12327.51556,12258.56485,12071.40465,8783.214413,8680.735421,9896.717511,9121.020092,8845.323931,6923.700197
VGB,..,..,..,..,..,..,..,..,..,..,..,..,..,..,..,..,..,..,..,..,..,..,..,..,..,..
BRN,15827.98736,16706.47133,16593.4344,12653.81192,14065.70228,17971.88881,16437.42662,16817.23573,18521.36258,21839.25931,25991.2062,30767.74738,32337.28152,37427.54886,27497.5417,34609.69996,46139.10684,46844.19672,43950.05706,41035.77314,30681.43744,26762.03743,28186.98339,31241.02397,30748.32019,27179.34442
BGR,2259.264831,1470.195347,1361.409249,1820.44832,1659.718611,1621.262107,1770.906779,2092.982886,2719.494892,3389.687613,3899.825138,4523.147525,5888.776852,7271.305201,6988.274819,6862.757687,7856.985958,7431.014045,7686.629222,7912.52054,7081.102336,7574.191264,8386.589202,9451.85087,9878.768872,10153.4766
BFA,229.8326601,243.5269234,224.6113437,250.4139446,293.8874445,249.8020757,260.443473,286.7537151,363.8183519,405.4512762,442.9444309,457.3420749,516.750328,621.8902712,603.8775451,627.2703954,727.6124749,733.9728789,762.3037803,767.3713442,632.1266858,665.7863285,711.1845439,779.2027681,772.1668775,833.2443361
BDI,168.6271677,146.5361825,164.2334457,148.0895425,130.7530239,138.0046172,135.6064758,124.1393016,114.3670072,128.5384225,151.1885411,166.2762452,170.7068764,194.7106346,204.5447557,222.6605831,236.4513474,238.2059453,241.5476657,257.8185575,289.3596271,242.5395274,244.1454221,232.0606166,216.9729709,216.8274174
CPV,1184.176735,1192.329989,1139.217697,1185.58374,1317.573685,1176.707258,1208.457605,1311.214577,1693.978552,1900.888467,1972.784937,2220.098177,3268.305689,3839.863644,3592.315891,3500.977452,3880.069182,3583.461717,3757.659953,3739.278279,3169.078915,3312.696757,3534.343583,3860.454811,3928.309096,3223.735602
KHM,315.142348,313.5846723,301.2196654,267.4097962,295.5912853,301.5165985,322.8998639,341.0367658,364.2753017,410.0861329,475.0693943,539.7473654,629.9210767,742.3979724,734.8151186,782.6957387,880.3103044,950.4825446,1015.220881,1098.074538,1170.742816,1281.105971,1400.899265,1533.315985,1671.3854,1577.91174
CMR,822.3632128,817.1840938,773.9271462,789.2742925,786.8458877,700.1632362,706.9842173,780.2705538,976.5193032,1119.980861,1129.35798,1177.968605,1311.002963,1476.009078,1445.860248,1383.813864,1497.926586,1433.723927,1559.13905,1631.713986,1399.675336,1426.065481,1479.862223,1594.060109,1538.687912,1539.130547
CAN,20678.95044,21296.63442,21901.59404,21024.50993,22315.17429,24271.00206,23821.44559,24255.33858,28300.4631,32143.68141,36382.50792,40504.06073,44659.89514,46710.50558,40876.31015,47562.08343,52223.69611,52669.08996,52635.17496,50955.99832,43596.13554,42315.60371,45129.4293,46547.79518,46374.15275,43349.67786
CYM,..,..,..,..,..,..,..,..,..,..,..,87184.51299,89960.68303,89704.22255,81398.3236,76873.19532,75435.61523,75466.13587,75685.35837,76610.64797,77295.84566,78858.27966,81255.11227,85231.77515,89846.3211,83897.50521
CAF,340.39968,299.6194896,271.1433004,272.1015403,273.4279279,243.8775801,242.5757267,253.4106706,283.675348,309.1902426,317.8776781,340.4145172,388.4777713,446.2287699,452.9222361,459.7769816,515.2095038,525.8675036,352.226855,394.8569331,351.8797548,372.1354561,414.7403226,435.9322963,426.408753,435.4692482
TCD,209.8925997,223.2333881,207.3165613,226.3287722,192.269472,168.1176582,200.361008,225.9473111,298.2498816,460.0670181,664.5976565,716.6677686,806.710318,936.4941362,808.1615229,896.8767042,988.1941606,969.6161419,980.0835447,1017.787762,774.4116031,691.9800774,662.8974734,720.2651009,701.6212008,643.7722162
CHI,..,..,..,41229.01427,43247.686,44318.2211,42678.27703,45279.64194,49428.30976,57200.46646,58550.65717,63665.31535,75148.34944,..,..,..,..,..,..,..,..,58093.99606,57683.8939,62316.21995,61281.32722,57339.52687
CHL,5094.505484,5376.149433,5788.859948,5467.570877,4981.191106,5097.114937,4606.890564,4479.175044,4824.220541,6185.514792,7561.830548,9418.062718,10461.36609,10783.17082,10182.86056,12767.78204,14628.57246,15406.49284,15833.27592,14666.34312,13569.94813,13785.6876,15045.52785,15795.70814,14627.14502,13165.38634
CHN,609.6043623,709.4158882,781.7425926,828.5946577,873.297611,959.3604121,1053.112272,1148.514188,1288.637543,1508.667946,1753.414263,2099.219342,2693.958555,3468.327063,3832.227428,4550.473924,5614.385739,6300.582352,7020.385682,7636.074223,8016.446016,8094.390375,8817.045496,9905.406118,10143.86021,10408.71912
COL,2571.46819,2652.103881,2860.040941,2595.543012,2236.072925,2546.850213,2465.007011,2421.162103,2305.170507,2811.45945,3448.538274,3782.603504,4762.082973,5534.689447,5245.951665,6392.758026,7392.9436,8096.80151,8263.641929,8167.472842,6228.651622,5936.261022,6449.970987,6782.03792,6436.509215,5304.289129
COM,823.6766098,801.261221,721.6272999,717.3181318,726.4888885,654.180431,691.0419781,761.9478884,959.2289884,1090.427168,1103.195417,1155.085676,1289.79485,1454.650909,1409.106673,1384.063284,1526.832638,1483.951559,1595.989819,1608.687875,1322.936775,1357.266229,1414.586689,1531.337811,1510.797323,1519.58678
COD,130.3762562,130.8164965,135.8889305,135.4774002,99.75725083,392.6263338,148.4471235,168.9448053,167.9815754,187.856781,211.5726295,247.5419356,277.6120796,317.8892099,290.1556749,324.827726,376.3749811,412.7762607,444.8643574,472.266236,482.0645685,456.0279505,451.0890886,546.2125933,575.8827813,524.6666863
COG,771.6139458,902.0457459,807.8918989,663.7287033,780.5897051,1029.960689,859.4400122,910.8697114,1023.088496,1314.41128,1810.588944,2116.868944,2219.912305,2848.65316,2283.949871,2962.76248,3415.062376,3753.860925,3719.651037,3622.530074,2347.818507,1970.250199,2088.500299,2512.384167,2288.808086,1838.448124
CRI,3240.711145,3194.112988,3373.410585,3580.933885,3653.754208,3773.033793,3941.598643,4021.425361,4123.506487,4376.080428,4643.45857,5188.361792,6055.086779,6841.91146,6737.860754,8147.243985,9137.455102,9971.651656,10633.26656,10737.67888,11529.95517,11899.81398,12118.13362,12383.14995,12669.34116,12179.25667
CIV,769.2556836,1220.121444,1176.851967,1237.131417,1154.479067,986.7773529,974.779985,1020.950491,1173.063882,1267.764823,1267.087311,1303.564967,1451.232531,1683.337505,1638.804684,1654.177959,1701.704641,1649.301615,1903.054229,2124.01943,1941.581898,1999.195372,2113.341525,2295.540335,2290.787379,2349.069882
HRV,4930.337203,5298.886377,5330.327366,5711.485932,5267.512207,4952.377753,5364.010241,6219.473213,8192.322633,9723.381024,10446.36044,11489.39127,13728.52101,15857.71225,14387.65664,13664.20884,14623.99053,13410.82081,13949.12177,13970.98323,12071.09096,12550.70886,13562.14405,15003.14068,15086.21174,14236.53525
CUB,2784.902605,2281.97555,2306.38394,2332.508217,2562.274105,2752.203783,2844.244437,3007.193074,3205.688398,3403.296163,3791.873006,4336.87333,4814.854876,4992.824494,5094.437562,5275.532601,6106.006792,6467.337914,6814.243844,7117.52691,7683.757891,8055.889907,8543.360968,8831.907222,9139.415856,9499.590202
CUW,..,..,..,..,..,..,..,..,..,..,..,..,..,..,..,..,19446.45657,19886.67837,19762.73962,19552.66055,19260.26985,18881.83062,18788.80728,18956.09797,19024.17715,16109.86175
CYP,15261.41016,15139.22656,14234.24414,15092.82617,15287.91895,14388.34766,14821.44727,16093.21484,20252.23828,23792.62109,24959.25977,26729.32422,31244.92578,35397.36328,32109.24219,31105.02734,32485.80273,28991.92969,27797.45313,27244.34375,23487.21875,24715.14258,26697.00586,29419.88672,29417.92188,28035.98438
CZE,5823.974997,6532.905243,6034.523339,6489.71032,6337.409954,6028.582612,6637.106512,8060.888811,9818.568493,11749.87552,13430.66055,15261.80885,18466.57826,22804.6222,19861.69743,19960.06849,21871.26608,19870.80121,20133.16914,19890.91991,17829.69832,18575.23203,20636.19995,23424.48046,23664.84786,22992.87938
DNK,35351.5758,35650.88828,32836.14295,33368.00962,33440.60306,30743.3797,30751.58969,33228.63392,40458.94117,46511.93475,48799.74423,52027.18907,58487.04601,64321.67448,58163.63853,58041.39844,61753.64713,58507.50805,61191.1937,62548.98473,53254.85637,54663.99837,57610.09818,61591.92887,59592.98069,60915.4244
DJI,790.5161067,766.315697,752.7494467,740.0389531,745.2067822,742.8656972,747.7791229,749.0816325,771.3742316,813.8979436,852.8901883,907.8179438,980.0310324,1131.635726,1164.251683,1227.820853,1322.726251,1418.460858,2102.197948,2239.114538,2409.311902,2545.738799,2655.73322,2755.838293,2876.043664,2917.996281
DMA,3967.026809,4225.850637,4385.994541,4676.827165,4829.241889,4879.149773,4991.764173,4881.138793,5016.088237,5354.799195,5304.126097,5677.051175,6126.849496,6661.465047,7109.978253,7182.400203,7288.497948,7054.875977,7240.679119,7498.917522,7724.042411,8223.04145,7408.091301,7833.195013,8561.587011,7003.469891
DOM,2114.0906,2276.698374,2456.105927,2616.74548,2631.74358,2845.84661,2953.247928,3085.517866,2399.498123,2468.436815,3903.815184,4080.045714,4676.079111,5053.330291,5002.153233,5509.568054,5859.381545,6049.471611,6171.295064,6533.670968,6838.936735,7191.069713,7513.497951,7947.159354,8173.344646,7167.914932
ECU,2113.263652,2142.328641,2349.218685,2293.655828,1582.758607,1451.530885,1904.81367,2184.209244,2438.343684,2703.565671,3014.310009,3340.840903,3579.032244,4260.433184,4240.702593,4640.246344,5202.656459,5678.455721,6050.354611,6374.631486,6130.586676,6079.088736,6246.404252,6321.349401,6233.258167,5645.19929
EGY,937.5431501,1031.488078,1170.804798,1239.353562,1297.57469,1398.859831,1327.096518,1144.532398,1056.937209,1016.253884,1133.105461,1332.33941,1586.472921,1941.899973,2212.218148,2509.772034,2645.622535,3059.135428,3088.890834,3196.861381,3370.382447,3331.612461,2439.967284,2531.200079,3017.258336,3571.556907
SLV,1552.130208,1653.630549,1749.501835,1858.371394,1904.874902,1977.840614,2051.158774,2106.739469,2197.482001,2273.955503,2434.323531,2651.430888,2814.589889,2964.17214,2889.685887,3017.307395,3304.974183,3471.051269,3555.1621,3638.517658,3761.51368,3870.312982,3986.049014,4145.862351,4280.288404,3961.726633
GNQ,252.9752843,399.0281436,730.4487845,588.6416085,948.2295985,1527.056378,2031.419386,2395.845119,3146.518575,5337.614389,9502.858816,11140.19017,13776.90333,19849.71777,14398.77049,14905.51457,18659.41604,18756.42501,17644.59431,16804.92493,9788.983804,8035.307666,8410.39798,8719.18687,7317.390024,6327.598962
ERI,267.9446811,306.3222582,299.5731251,320.9652833,292.3510431,295.196924,305.6027588,286.2977154,327.9760207,401.3745252,387.8985404,420.5287398,450.4097137,459.1784027,602.0632238,504.9724602,643.7900423,..,..,..,..,..,..,..,..,..
EST,3134.389753,3380.926302,3682.952301,4093.392477,4140.936602,4070.609024,4505.858332,5341.628947,7203.523038,8914.103557,10412.64431,12639.40007,16744.58445,18204.96648,14711.73527,14663.04461,17487.80478,17403.20533,19056.00192,20261.06673,17402.03761,18295.34293,20437.76538,23165.84948,23424.48471,23595.24368
ETH,133.3411006,144.0316487,140.2702152,123.8302224,118.3331279,122.9616647,119.2618573,110.4608747,117.8601647,134.5424863,160.0767918,191.7512925,240.347972,320.8610897,373.8939587,335.4384953,348.0013483,458.5509208,490.7924741,557.5341484,630.3126271,705.6175123,755.7526451,758.2976902,840.4496034,918.6525941
FRO,..,..,..,24623.74435,24947.12358,23370.77329,25089.59114,27238.02496,31691.87848,35940.96286,36440.3222,41762.68751,48365.73654,51431.97478,47410.95857,48167.66751,51786.48548,50157.0628,55560.13613,60126.12921,52726.6887,56833.91437,59328.23348,62576.80375,63382.75314,61979.79544
FJI,2486.981341,2672.43577,2597.929256,2031.025354,2351.722429,2015.857496,1964.130251,2157.076596,2680.270209,3124.607389,3406.475158,3483.597185,3793.097385,3928.921739,3184.689123,3469.150224,4160.721585,4359.792845,4586.956165,5305.0634,5105.190039,5368.433659,5825.198813,6073.395195,5968.319557,4864.106008
FIN,26271.59981,25783.45049,24691.87281,26009.26949,26186.19001,24345.91482,24967.79252,26997.75299,32927.68029,37772.17811,39054.85044,41222.602,48476.39273,53772.79424,47481.48454,46505.30318,51148.93164,47708.06128,49892.22336,50327.24029,42801.90812,43814.02651,46412.13648,49987.62616,48629.85823,49169.71934
FRA,26889.42506,26870.28524,24226.88469,24971.57449,24678.39106,22416.42542,22449.33969,24288.27002,29627.92426,33797.16244,34768.1759,36470.21284,41557.62356,45515.96175,41737.76355,40676.06479,43846.46608,40870.85236,42602.71797,43068.54872,36652.92231,37062.53357,38781.04949,41557.85486,40494.89829,39055.28293
PYF,18090.58818,17713.72313,15741.80922,16070.29996,15847.93028,14346.18627,14012.24294,15302.35187,18724.49151,20829.06574,21047.19291,21382.23578,23837.81755,25437.66849,23326.08745,21447.85823,21747.98888,19864.53568,20941.51722,21223.0754,18252.51413,18726.6395,19743.95899,20614.89439,20093.20862,18984.61738
GAB,4419.79034,4948.752869,4514.994085,3705.818091,3758.161936,3991.157151,3844.561348,3976.646799,4724.254797,5483.144572,6570.96327,6873.453984,8036.919948,9732.226524,7325.909508,8399.597344,10273.79845,9348.514868,9250.081117,9255.368037,7090.454634,6722.198222,6975.695197,7694.906045,7523.862278,6680.08267
GMB,632.7711757,663.1688692,610.1990496,619.5930395,583.4046826,544.6209571,464.6396263,379.8624179,310.9570647,596.6292799,618.9598062,615.9739283,725.0922752,857.8582399,772.1249279,796.6318388,705.4774939,686.5575601,647.3855375,561.6496393,611.6712178,640.6762701,632.0010179,683.3246379,722.875351,704.0304578
GEO,578.3446099,689.0594414,807.0322858,851.5157467,673.5378938,749.908535,801.983966,853.5261719,1010.031516,1305.047486,1642.783594,1996.019759,2635.367029,3324.754464,2822.689233,3233.220357,4021.754204,4421.929819,4623.884714,4739.277808,4014.112241,4062.126978,4356.928595,4722.042423,4696.150586,4255.742993
DEU,31658.34938,30485.86655,26964.04947,27289.05936,26734.94254,23694.76048,23628.32721,25197.2656,30310.3576,34106.65812,34520.23965,36353.88033,41640.08087,45612.71062,41650.36783,41572.45595,46705.8958,43855.85447,46298.92292,48023.86998,41103.25644,42136.12079,44652.58917,47939.27829,46793.68676,46772.82535
GHA,370.6884777,388.5328822,377.2399141,399.796373,402.4714448,253.3802114,263.1700834,297.0469387,357.8478478,405.4249676,477.6008364,904.1697251,1047.199209,1178.955877,1044.005237,1258.963903,1501.059171,1536.619916,2282.407501,1942.921869,1711.271471,1900.397836,1998.722666,2180.029684,2167.92544,2176.576218
GIB,..,..,..,..,..,..,..,..,..,..,..,..,..,..,..,..,..,..,..,..,..,..,..,..,..,..
GRC,12959.32429,13749.11511,13427.83251,13472.13761,13249.66332,12072.92936,12549.03689,14177.57216,18518.37884,21995.47794,22560.14729,24821.93675,28863.97329,32127.98319,29828.75602,26716.64883,25483.88256,21912.99829,21787.78776,21616.71001,18083.87791,17923.96681,18582.08934,19756.99046,19144.28439,17658.9473
GRL,21665.83081,21422.46222,19145.61441,20496.5798,20170.32276,19004.00345,19275.43281,20652.84127,27459.87394,32023.68383,32489.72773,35458.25231,39780.94535,44366.78732,44918.84418,43988.52803,47186.88008,45936.95995,47535.49104,50485.22741,44536.35609,48181.87419,50765.69565,54545.29998,53309.57927,54693.51141
GRD,3288.223318,3499.527349,3715.72059,4198.715561,4512.224618,4840.684064,4821.784995,4992.441407,5435.151806,5470.603315,6308.665042,6295.281172,6790.63408,7343.44527,6810.440318,6760.974884,6775.749278,6900.765076,7205.254765,7726.378262,8379.621847,8849.513535,9309.261296,9574.310271,9887.920742,8437.536782
GUM,..,..,..,..,..,..,..,20878.05958,21844.11054,23590.88803,25621.84516,25735.5397,26686.81682,28277.43208,29335.27768,30011.21858,30087.71559,31642.14626,32318.8909,33483.94144,34522.37793,35052.80791,35663.02504,35902.7259,37752.63308,34780.86166
GTM,1424.682543,1487.607658,1649.001602,1755.849582,1619.510736,1664.307712,1550.361845,1682.994501,1737.879287,1859.099338,2068.488161,2251.078833,2490.747774,2802.451459,2651.831609,2852.557652,3228.03814,3355.034599,3522.767541,3779.626042,3994.629085,4173.281303,4454.024661,4485.752384,4647.80734,4609.897258
GIN,494.5820719,503.5676762,482.4421848,448.9653323,423.4038007,359.2866701,335.0142928,343.9345943,392.8798442,405.6960598,321.3386332,452.2761597,657.9934738,712.099416,670.2612536,667.2816019,644.5025486,707.9676782,757.6922725,774.5690396,756.4255898,720.4732552,843.4642792,944.4172686,1043.899886,1073.659339
GNB,227.3200154,237.0847195,231.0229499,174.3624778,186.0352265,301.495571,312.2535665,324.9699,362.9061593,394.995798,425.4718887,418.902079,480.4386022,583.2683059,543.5624692,542.2841012,683.534476,598.5726262,616.1599287,605.1225465,585.9570126,642.6663901,718.2457378,781.6443676,730.6114323,710.258133
GUY,826.9733705,936.0843257,991.9585514,948.2404227,916.5463808,938.893298,937.2979905,955.0302105,976.9932616,1036.019877,1085.784887,3138.082204,3609.908515,4011.386897,4213.816229,4589.87249,4960.004726,5461.390076,5576.250215,5495.377084,5668.429765,5905.380196,6220.978568,6094.909837,6477.296726,6863.074346
HTI,368.8470858,374.1693257,421.8416418,461.9714389,506.0002218,814.9979197,743.9112731,716.482616,575.5568301,679.2800543,771.5350027,824.3580518,979.5996409,1089.576355,1191.802935,1204.862055,1306.845319,1356.172777,1452.313548,1454.649175,1405.714786,1313.186095,1389.358623,1489.578406,1345.475055,1283.141228
HND,919.9379933,872.5818384,933.7557079,1009.162705,990.297834,1079.605666,1118.940894,1119.424251,1142.811372,1201.247505,1289.823137,1409.579723,1559.886044,1713.418134,1762.34916,1874.271704,2053.959731,2107.345481,2064.550519,2164.424516,2257.225284,2295.536231,2403.306094,2457.686012,2519.366193,2354.12148
HKG,23497.39106,24818.30163,27330.09218,25808.85988,25091.6666,25756.77397,25230.37809,24665.83729,23977.17341,24928.10037,26649.63658,28224.09395,30593.95248,31515.52786,30697.53839,32550.13789,35142.48793,36730.79777,38403.77771,40315.37222,42432.16197,43734.19807,46160.42979,48537.56689,48359.00325,46109.22999
HUN,4494.707624,4525.040091,4596.183443,4744.213002,4793.477848,4624.282203,5276.033189,6655.333009,8419.432122,10301.7017,11223.3993,11489.56087,13940.90675,15772.32703,13077.30762,13217.5046,14234.47158,12984.83657,13715.07036,14294.25842,12717.0386,13104.69955,14621.2396,16425.20503,16786.21364,16125.60941
ISL,26633.6051,27614.87703,27919.18911,31030.03902,32381.62822,32096.37226,28897.44295,32409.22793,39476.70685,47334.95313,56794.88022,57492.93425,69495.72674,56943.35966,41301.27943,43237.07295,47714.59223,45995.54788,49804.983,54576.74481,52951.68151,61987.92636,72010.14903,74452.18907,68403.14481,58813.79698
IND,373.6282338,399.5773066,414.8986835,412.5093558,440.9614546,442.0347789,449.9111249,468.8444283,543.8437989,624.1050944,710.5093449,802.013742,1022.732476,993.5034125,1096.636136,1350.634457,1449.603301,1434.017978,1438.056995,1559.863772,1590.174322,1714.279541,1957.969814,1974.37773,2050.16379,1913.219721
IDN,1020.146681,1129.09271,1054.347358,459.1918631,663.5232299,770.8653516,739.0039465,888.9013897,1052.413199,1136.755211,1249.397694,1572.79794,1840.329927,2144.389544,2239.095265,3094.443079,3613.800888,3668.212084,3602.885517,3476.624854,3322.581679,3558.818852,3839.785075,3902.661675,4151.227555,3895.618152
IRN,1585.977937,1954.660752,1823.274514,1737.700033,1765.783643,1672.022877,1902.947639,1910.477134,2259.51632,2751.793042,3226.613971,3736.177793,4838.003556,5623.911681,5602.556282,6458.573956,8201.581678,8329.002067,6280.681868,5757.543333,4990.936795,5497.243233,5758.590728,3829.829855,3276.753265,2746.419483
IRQ,615.5003718,482.1636186,929.8764466,894.3290943,1548.298284,1963.722839,1422.831339,1254.162045,809.845684,1314.762559,1740.66833,2253.547113,3099.59197,4504.508094,3686.402133,4430.426242,5736.898959,6437.503076,6612.902252,6215.986033,4416.942923,4305.202702,4725.193573,5601.467061,5621.181695,4251.337253
IRL,19158.45648,20835.89771,22551.11391,24294.85477,26338.10775,26334.56721,28282.40988,32705.43456,41203.52958,47754.20232,50933.02161,54329.16186,61396.41746,61353.10656,52133.09062,48663.60044,52183.13293,49054.69743,51546.35476,55643.05943,62053.98444,62895.91112,69970.94891,79250.38785,80927.07467,85420.19086
IMN,12802.12268,14212.16519,16223.65015,18753.04013,20991.6231,20693.83817,21716.94604,25230.07556,29877.95876,35872.72612,38184.33783,42662.60285,55072.17799,72304.9475,66175.22758,70625.16854,77838.39693,79326.383,83204.74717,91881.12836,84753.45673,82041.62105,83510.30375,89425.89139,87152.45302,79530.60548
ISR,18916.72597,20117.29702,20366.87813,20106.76303,19742.44091,21630.57077,20909.67895,19035.00197,19627.03184,20557.15507,21223.93559,22494.60002,25633.74961,30173.18336,28316.78537,31266.60532,34354.71612,33156.22832,36941.84236,38259.6811,36206.52222,37690.47395,41114.78171,42406.84543,44452.23256,44846.7916
ITA,20664.55227,23081.60468,21829.34582,22318.1373,22005.05454,20137.59122,20500.9544,22376.2979,27526.32246,31317.20079,32055.09208,33529.7266,37870.74751,40944.91242,37226.75719,36035.645,38649.63948,35051.52127,35560.08141,35565.72138,30242.38614,30960.73151,32406.72032,34622.16967,33673.75096,31918.69349
JAM,2621.181995,2919.147763,3287.746786,3410.42776,3423.008643,3447.303896,3502.213118,3683.893363,3557.200606,3819.284231,4200.388958,4435.571475,4738.449788,5056.258008,4452.120808,4835.791068,5259.931741,5365.242149,5143.722172,4991.564267,5077.551636,5022.703328,5273.148923,5594.493107,5626.170403,4897.26477
JPN,44197.62889,39150.05523,35638.243,32423.75545,36610.16671,39169.36018,34406.16902,32820.78863,35387.04836,38298.98017,37812.89102,35991.54239,35779.01568,39876.3063,41309.00165,44968.15623,48760.07895,49145.28043,40898.6479,38475.39525,34960.63938,39375.47316,38834.05293,39751.1331,40415.95676,39986.92863
JOR,1509.040549,1503.143967,1530.703844,1633.280882,1646.192662,1673.358125,1738.383411,1816.40692,1889.437839,2062.69597,2216.945182,2478.291944,2643.169309,3416.126067,3618.892617,3914.701231,4152.493981,4386.461819,4477.618321,4255.894302,4064.25301,4003.404746,4073.116403,4146.407311,4159.671408,3987.650174
KAZ,1288.188519,1350.305002,1445.503237,1468.668666,1130.117529,1229.000958,1490.926751,1658.031146,2068.123518,2874.288483,3771.278957,5291.574022,6771.416639,8458.019498,7165.224794,9070.488253,11633.99856,12386.69927,13890.634,12807.26307,10510.77031,7714.841844,9247.580687,9812.625422,9812.595536,9121.636402
KEN,336.5653474,436.1957062,462.4045395,483.7086323,430.3672619,411.8213539,408.3606087,401.0923718,441.3914117,462.6182158,522.7768371,699.3997381,840.1916319,915.9989157,1049.121794,1093.639628,1099.315465,1289.780795,1376.829206,1489.919724,1496.653568,1562.076611,1675.98843,1845.783413,1970.080063,1936.250752
KIR,691.4086831,803.038504,801.0922106,761.4204085,790.8726756,757.1334363,696.9975512,781.3628639,956.8304784,1063.878193,1142.335559,1101.457235,1300.758798,1356.647112,1249.302417,1438.080772,1644.407212,1698.91907,1628.642442,1546.881359,1459.143695,1506.23103,1566.447044,1607.22965,1410.01509,1403.993738
PRK,..,..,..,..,..,..,..,..,..,..,..,..,..,..,..,..,..,..,..,..,..,..,..,..,..,..
KOR,12564.77813,13403.04959,12398.48003,8281.699982,10672.41793,12256.99357,11561.24837,13165.06574,14672.85747,16496.12009,19402.50326,21743.47709,24086.41143,21350.42863,19143.85161,23087.22564,25096.26388,25466.76052,27182.73431,29249.57522,28732.23108,29288.87044,31616.8434,33436.92306,31902.4169,31721.29802
XKX,..,..,..,..,..,..,..,..,..,..,..,..,..,2965.449915,2847.555339,3009.523465,3540.823286,3410.692727,3704.562199,3902.52982,3520.780421,3759.47104,4009.356038,4384.190404,4416.031322,4310.932984
KWT,16424.99077,18488.86658,17230.06448,14258.37266,16044.51136,19493.91453,17517.72519,18626.7595,22781.11943,27601.40006,36144.99495,42970.66313,45729.80604,55595.40848,37906.1503,39212.63528,49010.32037,51271.14865,47762.72232,43239.81365,29315.19607,27026.6482,29258.28964,32012.1352,30666.22066,24297.70114
KGZ,364.2264974,394.8601215,376.4296133,345.1381316,258.0492288,279.6195693,308.4096116,321.7270332,380.5064324,433.2349766,476.5518917,543.1107031,721.7695263,966.3938474,871.2242201,880.0385141,1123.883136,1177.975258,1282.438247,1279.770777,1121.082691,1120.667061,1242.770223,1308.139779,1374.031136,1182.521506
LAO,357.9017031,371.471748,339.1901695,243.9864436,272.3624326,318.7709228,320.4190111,313.6184405,355.6514836,410.251319,467.3795927,581.0102436,699.0413761,887.6397349,936.7903214,1127.835236,1363.72529,1566.009745,1815.440238,1984.50867,2125.459057,2309.049076,2439.463355,2553.361866,2598.505523,2593.355097
LVA,2329.576733,2431.709,2683.241368,2973.534843,3151.577018,3361.640869,3578.0019,4136.933297,5145.195232,6378.666521,7594.902384,9723.446902,14113.52913,16467.14369,12331.92855,11420.994,13338.96224,13847.33794,15007.49186,15742.39134,13786.4568,14331.75159,15695.11515,17865.03109,17945.22222,18207.13964
LBN,2959.560851,3393.503399,3834.856217,4127.320054,4091.994007,3994.861144,4021.177263,4307.100827,4458.10858,4625.304247,4630.009214,4665.962801,5162.032959,5957.696754,7149.791498,7695.245415,7914.109568,8500.180563,8255.209211,7665.379692,7802.751368,8172.299476,8679.897422,9225.845155,8925.42186,5599.957523
LSO,518.0212392,483.9207324,505.9388399,467.5879478,457.70433,443.9499284,412.9622962,388.3674887,580.937271,761.1810388,850.7752709,910.618541,848.0236874,885.6180571,866.4456896,1104.800538,1265.863867,1205.860003,1141.361038,1165.050705,1113.868632,986.2652568,1062.712399,1162.978792,1094.499438,939.5042491
LBR,..,..,..,..,..,301.8764697,303.8588056,302.8818868,242.4499372,287.2746919,290.5412149,323.8412258,377.9516288,456.1446999,452.7452289,497.0203654,573.5264222,644.4555767,717.6357533,713.7348824,699.6629469,722.1312268,706.892692,700.0370394,665.8784476,597.5296919
LBY,5396.375074,5785.113755,6262.489468,5471.086891,7112.671615,7424.353472,6465.622203,3789.20527,4738.828475,5823.637943,8108.052608,10060.36104,11158.11227,13921.89923,9560.803808,11611.3586,7784.133214,15765.41979,12589.52971,9408.752546,7867.515731,7945.00605,10529.11627,11838.29871,10542.42902,7034.658365
LIE,78618.47561,79905.9576,72344.6835,77033.19589,81683.4555,75210.15544,74658.45394,79797.52129,90317.74821,100710.6201,105751.5269,114652.2123,130908.4082,143540.5734,126261.4321,141466.8754,158603.6039,149461.7089,173659.4965,179467.5069,167809.2127,165845.9288,170875.7399,175286.6193,167259.1603,165284.4971
LTU,2167.792582,2327.434857,2830.278071,3166.666533,3113.17906,3293.229979,3525.793632,4141.592702,5499.428989,6700.327192,7854.765279,9230.707981,12285.44705,14944.99665,11820.77616,11987.50841,14376.94786,14367.70942,15729.65247,16551.0182,14263.96458,15008.31324,16885.40739,19186.35959,19598.40087,20363.92441
LUX,51032.34964,50444.35912,46641.64088,47445.38108,50872.44927,48659.59888,48440.14202,53005.73392,65689.32145,76544.91709,80988.13762,90788.80049,107475.3203,120422.1379,109419.747,110885.9914,119025.0572,112584.6763,120000.1407,123678.7021,105462.0126,106899.2935,110193.2138,116786.5117,112621.8213,117370.4969
MAC,17764.54638,17751.5365,17652.58974,16232.5264,15387.5287,15684.77955,15622.70305,16393.74305,17828.9536,22381.92296,24886.58189,29637.76645,35782.86109,39745.76222,39754.97449,50676.38919,64528.36014,74111.60582,86853.47342,90873.60249,73220.63173,71919.05267,78985.63229,84923.30876,83183.47239,37646.49565
MKD,2372.543692,2327.730787,1959.560738,1875.816616,1915.392799,1861.899007,1823.022668,1989.135383,2440.478815,2795.897375,3072.679612,3362.970716,4079.390434,4841.253622,4584.712431,4577.689576,5098.094701,4728.313079,5241.053639,5495.7314,4861.55616,5149.586764,5450.497035,6108.739131,6070.388054,5965.450232
MDG,276.7368024,344.4649472,288.4493809,288.6359376,271.9429822,285.4664633,325.460301,310.929711,359.5343848,277.5078265,311.7931266,330.5226701,427.8363292,522.8306219,455.4073737,459.375408,516.9025392,504.1737378,526.6880197,517.1361832,455.6380345,464.6161584,503.4980587,512.5439915,512.2796656,462.4042288
MWI,201.1014086,321.9596341,368.6773117,237.374331,235.5102338,225.9524555,217.2404723,431.696661,386.317242,407.58899,417.1022634,443.5236757,478.0280765,557.5190094,630.1091541,688.1391912,769.0525992,563.0615397,501.197173,534.1269771,544.2768724,454.4432661,500.1655472,537.9322041,584.3628673,622.1845914
MYS,4405.116764,4874.819725,4706.314913,3308.835653,3538.362993,4087.562593,3941.122666,4177.104942,4454.526764,4924.338111,5536.83797,6137.15061,7143.999446,8343.302548,7167.877376,8880.14604,10209.37191,10601.51091,10727.67055,11045.58098,9699.584909,9555.647335,9979.704757,11073.97859,11132.10345,10160.82935
MDV,1545.223056,1707.021759,1889.026176,1972.623404,2118.721495,2209.988231,3028.050748,3069.039872,3539.801547,4060.534405,3789.232024,5010.163424,5746.644258,6743.130961,6719.330257,7158.061411,7409.331704,7447.415454,8222.558022,8872.128664,9434.31191,9640.319191,10063.00371,10823.61048,11118.52623,7282.372916
MLI,272.7950323,274.4224086,260.3559663,274.9743973,315.1714678,263.4983842,299.4121752,326.9666593,381.9485462,427.7173197,473.9950471,506.9118388,579.2571403,676.1270005,680.6499581,688.3278655,810.1825565,753.3921368,778.797053,818.4303416,723.504205,750.051809,795.6828021,856.3565959,840.1757461,822.9061375
MLT,9171.061035,9438.557327,9724.33797,10273.45181,10720.90588,11083.0128,11081.00804,11853.18975,13772.22072,15243.15901,15866.14215,16723.87768,19485.95061,22205.28275,21083.12592,21798.90293,23155.11484,22526.65578,24769.4496,26753.26013,24921.6779,25623.85563,28823.34576,31566.35811,31506.55684,29196.97775
MHL,2371.306852,2150.995382,2114.397036,2111.944173,2123.68206,2127.240705,2257.2547,2417.392102,2411.291359,2442.079544,2533.564606,2633.2866,2773.418705,2712.373644,2810.533092,3001.319829,3238.887316,3445.315403,3611.699642,3672.680934,3703.649059,4153.117176,4507.622862,4769.190459,5188.971114,5567.972727
MRT,878.7505856,877.829799,834.0437417,796.8425141,757.8090785,660.3038518,632.21415,629.7819094,711.3824822,801.7786831,974.6575859,1272.082434,1378.215121,1610.236957,1418.940825,1646.130447,1919.452248,1850.384968,1929.775661,1715.388838,1562.726853,1579.199301,1634.642845,1749.954236,1839.962778,1868.468248
MUS,3599.551751,3899.442435,3646.637842,3593.241569,3695.933686,3929.081732,3856.630743,4018.948897,4793.722474,5388.062518,5282.900051,5695.975315,6574.663524,8030.052422,7318.12641,8000.376432,9197.042991,9291.236379,9764.644025,10366.35519,9507.871337,9965.725217,10841.68467,11643.4606,11403.25289,9005.462022
MEX,4002.158718,4487.26319,5370.244638,5555.711857,6230.697201,7232.910681,7613.142978,7650.931864,7120.372121,7525.487461,8321.859856,9125.387739,9719.927864,10119.82106,8104.922573,9399.964709,10341.50024,10376.0905,10865.68729,11076.13411,9753.400562,8875.082069,9434.378179,9857.007487,10145.15263,8654.997325
FSM,2008.332427,1972.601887,1859.270424,1964.643736,1973.66392,2088.209544,2152.52528,2165.48682,2195.187156,2155.78169,2256.011357,2298.636458,2344.403462,2420.749006,2598.403604,2760.01134,2885.441249,3023.585446,2920.700863,2928.448782,2891.322103,3022.653627,3320.354976,3623.329337,3699.081514,3639.412699
MDA,593.586593,575.1454551,657.2921346,578.7346276,399.4998186,440.538684,507.4040763,570.7998662,682.319096,897.1784947,1034.391977,1183.024784,1531.216189,2110.553118,1898.439683,2436.799359,2941.362119,3044.808479,3321.043917,3289.167846,2749.913038,2847.635069,3454.95469,4156.9575,4404.950422,4376.242493
MCO,99430.49664,98926.47312,88844.53894,91110.52256,89741.16687,81764.2568,82410.87451,90152.90438,111308.7063,127736.9447,130818.9507,143289.1213,184626.7292,204097.21,168922.7401,161780.7475,179369.2935,165497.0722,185055.4874,195772.673,170338.6004,174606.4938,173611.7843,194287.0933,199382.7812,182537.3046
MNG,623.1574552,570.9379005,495.8218917,467.5139344,435.4184944,463.8538819,512.81947,559.827709,633.9465596,784.912072,986.0180411,1322.640676,1625.318473,2134.949833,1718.914022,2660.288176,3793.743654,4402.304523,4422.300876,4211.939435,3919.351214,3690.756778,3708.248221,4165.022821,4394.94715,4041.174145
MNE,..,..,..,..,..,1627.064997,1909.598702,2106.635068,2789.159065,3380.165121,3674.617924,4425.678873,5976.394145,7367.751909,6727.107767,6688.402684,7328.790465,6586.398684,7188.862445,7387.871036,6517.189614,7033.438006,7803.362579,8850.378404,8909.653336,7677.369141
MAR,1455.950317,1585.722778,1416.900391,1658.471802,1627.135132,1492.377075,1500.363403,1590.487305,1936.090088,2177.798828,2237.576172,2433.212646,2751.42334,3180.170654,3118.141602,3067.851807,3302.453125,3164.004639,3377.643555,3430.534668,3139.228271,3132.952148,3288.502686,3492.672363,3498.58252,3258.10498
MOZ,185.9534301,239.8574043,281.3773488,311.0455743,344.7017804,318.3426885,296.2868142,303.6656874,328.5287213,387.4757245,422.6428624,442.5590549,491.0984302,574.7697436,531.0269671,481.268197,605.27347,667.7177895,672.2039886,680.3753004,594.2269178,430.9929451,462.6999701,504.5358261,508.1634038,454.0623643
MMR,113.7881689,132.6388273,128.1057198,103.6268381,125.3022579,150.4078289,135.1797056,131.4673541,165.2586951,198.3769239,221.8659075,246.6924955,321.8283481,472.2605905,600.9316172,765.2418886,1086.838467,1161.305962,1195.9378,1238.72871,1224.562368,1161.861818,1175.202555,1274.915663,1295.201487,1477.452905
NAM,2478.25374,2417.577868,2453.866754,2231.114407,2175.449396,2156.090142,1916.255899,1773.431611,2571.982341,3407.850912,3692.752796,4027.961706,4394.517549,4222.32636,4322.629351,5445.420063,5873.059381,6017.178488,5463.031366,5544.103813,4965.672829,4614.89218,5453.570623,5687.381186,5126.176143,4252.041807
NRU,..,..,..,..,..,..,..,..,..,..,..,..,..,..,..,4644.355274,6328.099735,9675.959264,8825.975221,9063.003641,7587.251485,8528.627663,9361.038666,10985.87555,10316.52504,10124.7005
NPL,197.3096505,198.4544651,211.5619465,204.876507,208.4914738,223.7118919,240.7051592,238.8612541,246.4858378,279.7242003,309.3104201,341.02814,386.5295864,466.6933791,475.6359761,589.1654349,791.2255767,794.0925593,809.3844577,827.7447049,882.3076635,880.2248937,1027.965474,1161.53435,1185.682318,1139.189892
NLD,29258.13435,29006.80945,26700.53713,27885.80838,28272.64325,26214.49855,26896.54811,29343.245,35750.97466,40436.61823,41994.71353,44900.93814,51799.20855,57879.94376,52722.21306,50999.74512,54230.3129,50070.1416,52198.89756,52900.53742,45193.40322,46039.10593,48675.22234,53044.53244,52476.27325,52162.57012
NCL,18721.05773,18257.21506,16339.80724,17324.25058,17435.74544,16039.16917,15174.27843,16885.8944,21817.31511,25770.53108,26861.69844,29604.05263,36864.85763,37353.7373,35391.08787,37494.89516,40697.65294,37294.02281,38503.25385,39675.56631,32428.57211,32286.91056,33874.93076,36495.19599,34934.57949,34700.98162
NZL,17399.92902,18794.43604,17473.65462,14738.27103,15322.22383,13641.01786,13882.86651,16874.18749,21913.70817,25420.33729,27751.06547,26654.5932,32479.98174,31252.96256,28209.36233,33676.77412,38387.62708,39973.38076,42976.64959,44572.89875,38630.72659,40058.19616,42910.97284,43236.88669,42796.43058,41760.59478
NIC,876.8598596,895.2622309,896.6518398,931.7959134,961.5515216,996.897852,1025.10851,993.3841143,999.885954,1075.998562,1158.881323,1223.083148,1323.839054,1493.904821,1438.096625,1495.733777,1644.801509,1746.421289,1794.782566,1913.521321,2025.327261,2079.445529,2127.277659,1981.863168,1905.638313,1876.607372
NER,234.6196048,237.0149626,218.2461446,243.5175497,225.9535079,192.8777258,203.5264888,223.352393,263.0912317,281.3253601,316.3656478,331.103768,384.7183451,472.1784269,458.4218899,471.6126878,507.6024956,525.0472844,548.157849,560.7544753,481.1113011,497.0361208,514.5432689,567.3308492,550.9635431,564.8219973
NGA,407.2782957,460.3241902,478.5769435,467.9390142,496.0307379,565.3059926,586.8330617,733.5381615,786.8024093,992.7452801,1250.406675,1652.15369,1876.412777,2227.789952,1883.887348,2280.111979,2504.878279,2728.022683,2976.756736,3200.953146,2679.554765,2144.779938,1941.879485,2125.834282,2334.023543,2074.613928
MNP,..,..,..,..,..,..,..,16640.31518,16603.46006,16829.3972,15371.2423,14986.37602,14877.08168,15641.65778,13933.67919,14772.49616,13880.4265,14247.7893,14806.00679,16044.43073,17665.10075,24054.91561,30751.64107,25862.75445,23687.27185,17302.92214
NOR,34875.94289,37321.92598,36629.02659,34803.47494,36393.42496,38178.05615,38602.09441,43170.67163,50250.21153,57768.41243,67047.17046,74434.11281,85502.75393,97503.54078,80347.14416,88163.20859,101221.8135,102175.9193,103553.8401,97666.69518,74809.9658,70867.361,76131.8384,82792.84271,76430.58895,68340.0181
OMN,6352.823059,6913.146462,7052.69677,6139.732825,6742.824603,8321.393867,8191.512832,8380.038952,8896.90253,10030.44443,12357.70139,14533.72942,16151.27584,22974.27735,17937.97957,22552.19901,24166.09631,24722.63882,23563.9406,23121.20638,18777.43306,17082.2062,17802.57512,19887.57431,19132.15227,16707.62301
PAK,455.5079732,461.4002095,441.7549177,427.5063275,420.6826091,531.3064961,499.2183062,489.4255272,549.870377,631.4711708,688.5005879,770.8433394,837.6315379,914.7314893,884.4410142,911.0899961,1075.45102,1109.678735,1126.040776,1173.392309,1282.443026,1468.822077,1567.64062,1620.742596,1437.165834,1322.314783
PLW,..,..,..,..,..,7416.480787,7913.450676,8220.487633,7744.627767,8297.895213,9603.797085,9805.92283,10270.45854,10380.26908,9960.84139,10029.28803,10795.56469,11835.38393,12418.82617,13580.00674,15761.36338,16743.37674,16011.66115,15948.27586,15567.09087,14016.2475
PAN,3524.881271,3561.290458,3775.571536,4012.054165,4121.56222,4099.00654,4084.258536,4163.521959,4304.10698,4629.029316,4953.12998,5385.564243,6205.821576,7197.110786,7618.438459,8124.558307,9403.439908,10767.29318,11932.28622,12837.24796,13669.55944,14382.23238,15185.97248,16156.07429,16472.83175,13293.33321
PNG,1004.249699,1077.188504,995.1972595,737.413721,653.4081341,639.2791999,540.6738896,509.0304919,580.5981672,624.0353213,748.7350734,1245.474263,1379.127071,1635.039364,1578.968437,1879.240444,2303.826661,2653.092358,2578.498647,2742.25005,2502.073746,2332.675664,2495.140474,2584.327738,2593.775798,2446.084413
PRY,1968.352487,2077.484829,2068.208378,1880.893165,1758.260193,1728.340743,1630.190846,1361.249281,1436.764904,1776.932258,1960.514766,2426.417098,3194.262982,4360.429101,3920.186073,4702.91577,5772.99551,5621.244026,6435.82655,6629.426519,5861.389724,5759.018333,6136.058354,6242.961502,5807.838814,5353.348045
PER,2180.566639,2218.321747,2292.396517,2149.701063,1911.735017,1941.31826,1925.97942,2003.971081,2126.137824,2393.665897,2702.237701,3123.320159,3572.363589,4184.885982,4164.970483,5047.204643,5826.832307,6475.719417,6697.187683,6614.830499,6180.118799,6163.861179,6676.307788,6912.104623,6955.88177,6063.62658
PHL,1222.292531,1334.105656,1294.111958,1000.00669,1123.163562,1073.264436,991.1479821,1037.174794,1049.386488,1122.855528,1245.286591,1452.22142,1741.603505,1990.356146,1893.281623,2201.776819,2431.199965,2671.777538,2847.567954,2935.928578,2974.29692,3038.152046,3077.434432,3194.672704,3413.849067,3224.422811
POL,3686.844639,4147.465501,4123.146096,4518.108226,4398.071805,4501.479961,4991.244358,5207.128879,5701.638863,6681.31036,8021.547064,9035.531788,11254.31409,13995.7831,11525.90197,12504.25019,13776.3894,13010.75692,13558.34256,14181.95018,12560.05142,12378.81176,13815.49995,15504.50894,15700.01358,15816.8204
PRT,11781.36185,12185.0914,11575.50711,12199.20639,12475.29177,11526.37207,11734.76497,12936.69282,15797.78213,18064.15809,18780.12751,19839.45405,22811.05648,24949.04136,23151.21541,22520.64231,23217.2955,20563.7136,21653.19598,22103.70097,19250.10654,19991.97249,21490.42986,23562.55452,23330.81729,22242.40642
PRI,11579.185,12173.16369,12817.64496,14304.40499,15220.99134,16192.12697,18123.1987,18731.45939,19557.12025,20988.99233,21959.3227,22935.94116,23664.88235,24898.33459,25768.72589,26435.74879,27278.88305,27944.73389,28513.16574,28981.45733,29763.4883,30627.1634,31108.75275,31615.06679,32916.8668,31427.42911
QAT,15797.69104,17116.83256,20519.40935,17651.54558,20207.22559,27494.77133,25836.27079,27151.0325,31440.22071,40792.27647,52468.44565,59978.86121,64706.9899,79811.59774,60733.9817,73021.30975,92992.99713,98041.36224,97630.82552,93126.14946,66984.9102,58467.23557,59407.69805,66264.08117,62827.39695,52315.66008
ROU,1650.052605,1633.010644,1577.335827,1852.555839,1599.906489,1659.928985,1825.192889,2119.855097,2679.406193,3494.990743,4618.003244,5757.53059,8360.337759,10435.2166,8548.04859,8397.809173,9560.15838,8930.729912,9497.207427,10031.34215,8976.955236,9404.380487,10727.97175,12494.42464,12957.99911,13047.45768
RUS,2665.779785,2643.929199,2737.572021,1834.861816,1330.757202,1771.594116,2100.352539,2377.529541,2975.123047,4102.364746,5323.455078,6920.199707,9101.239258,11635.28418,8562.824219,10674.99023,14311.06445,15420.8584,15974.62305,14095.64648,9313.021484,8704.894531,10720.33203,11287.35449,11536.25879,10194.44141
RWA,227.4588747,205.8421295,241.5055332,251.3496876,269.3053659,255.088226,239.1248198,234.8137474,249.5550099,270.3030316,325.0242237,358.1108537,427.4199018,529.52427,564.9718753,594.1095118,650.936182,706.139034,704.4235236,724.7286812,733.8228504,728.806677,756.5476049,768.9641303,806.1280144,773.8205575
WSM,1285.66701,1414.202089,1598.918025,1493.945089,1401.715885,1406.765683,1435.345181,1509.886615,1778.842,2168.027953,2527.762838,2639.805669,3011.100809,3344.054559,3250.953097,3494.39529,3789.626478,3902.312164,3989.898249,3948.728781,4048.467057,4105.810681,4261.640513,4189.052219,4308.301453,4042.722715
SMR,..,..,..,..,42004.9484,37473.78698,39415.16294,41770.14662,51198.42526,59249.64768,60520.79204,63692.61677,71970.05873,77962.14399,66200.67297,59516.3234,55815.28526,48433.5703,50435.36733,50133.60652,42281.81125,43398.42852,44885.51784,48464.52465,47287.39839,45321.48922
STP,..,..,..,..,..,..,519.2955732,568.4096734,663.9206402,726.5977285,843.9550846,861.5182369,878.1354699,1080.556592,1054.416091,1079.689654,1244.271625,1319.900833,1551.192905,1754.600471,1571.49854,1688.375303,1805.524651,1950.629352,1991.738264,2161.310201
SAU,7588.761234,8174.141609,8323.826699,7169.366477,7697.270684,8795.260596,8337.322724,8380.959296,9321.803874,10935.01659,13462.76305,14848.60206,15756.19362,18944.85735,15064.63128,17958.94783,22441.57114,24069.20331,23945.51231,23862.80119,20442.36606,19930.40754,20910.48296,24175.58312,23405.70611,20398.06099
SEN,732.8363732,741.7616643,667.4532057,702.4336933,695.5520825,619.6421235,654.8407271,688.18748,840.3582538,941.8737919,1003.187194,1038.579092,1210.167497,1419.530902,1323.971225,1286.604966,1383.539117,1334.725914,1391.53219,1417.094988,1238.1264,1290.749971,1385.199215,1484.227069,1462.678352,1492.475904
SRB,2207.450598,2864.084727,3380.041416,2571.17271,2571.30404,914.7857199,1727.282228,2283.846685,3005.426352,3502.802924,3720.479155,4382.617279,5848.476405,7101.040141,6169.114195,5735.422857,6809.159804,6015.945228,6755.073675,6600.056186,5588.979444,5765.203352,6292.546549,7252.403668,7417.206585,7733.803494
SYC,7180.668327,7004.336039,7746.699027,8209.514443,8243.236101,8063.655476,8153.299101,8864.168656,9070.285167,10827.67164,11802.11183,12782.99466,12669.30354,11265.43729,9748.955518,10938.15309,12113.88181,12342.51009,14729.62703,15188.17428,14894.48578,15409.80502,15961.24168,16409.47113,16851.11976,12020.02191
SLE,201.3711228,216.6234189,193.0108126,151.0965629,149.5783419,138.7139416,221.2950856,240.5075193,255.9726186,258.4731688,286.2859558,320.5143892,358.0773395,402.553446,386.4338685,400.5406934,443.451832,558.1797747,706.4526652,702.3386033,581.2934118,515.4478314,484.4561156,519.6499835,506.6069082,493.4322524
SGP,24914.8507,26232.8692,26375.86833,21829.27813,21796.64168,23852.83434,21699.74754,22159.83325,23730.37947,27608.07457,29961.30828,33768.44574,39432.89474,40008.57676,38926.81311,47236.67154,53891.46229,55547.54625,56967.42579,57564.80231,55645.60686,56895.64334,61164.89736,66836.53851,66070.47067,61274.00646
SXM,..,..,..,..,..,..,..,..,..,..,..,..,..,..,..,..,27997.28983,28460.33262,27942.88054,33043.68838,32274.89055,31616.6817,29369.05683,28988.25921,35084.03519,29314.09429
SVK,4819.125555,5196.94038,5146.671078,5538.616465,5645.581396,5426.624281,5722.168183,6564.696314,8731.937368,10691.44655,11690.11347,13170.78498,16106.06044,18753.58494,16597.20846,16908.84796,18509.74022,17498.3539,18276.00955,18719.98814,16390.88217,16563.4405,17585.197,19486.39368,19381.59211,19551.62116
SVN,10730.45101,10815.11105,10454.96564,11175.77103,11452.78312,10201.30354,10479.75963,11777.15566,14849.03724,17233.13856,18098.90854,19672.96556,23817.88673,27595.59997,24792.12798,23532.48085,25128.01504,22641.80512,23503.28249,24247.17332,20890.16643,21678.35947,23514.02546,26123.74713,26016.07868,25545.241
SLB,1251.217924,1322.526239,1326.165604,1121.12074,1164.100165,976.4283009,929.8664985,768.4948389,905.5821945,991.9885636,1145.86655,1250.953787,1377.862006,1504.527559,1526.159971,1661.997814,1921.356345,2087.637662,2208.085253,2235.733596,2134.805424,2196.283908,2283.578944,2450.482931,2398.772963,2222.462143
SOM,..,..,..,..,..,..,..,..,..,..,..,..,..,..,..,..,..,..,356.1179034,377.5573872,387.6079944,387.1866816,377.349072,379.9860027,405.7867633,416.2177747
ZAF,3904.324238,3654.927456,3731.43183,3336.439547,3267.939079,3241.66124,2867.472552,2708.423419,4095.68361,5268.278984,5893.186767,6139.581467,6662.062785,6251.877175,6444.18672,8059.562841,8737.04111,8173.869138,7441.230854,6965.137897,6204.929901,5735.066787,6734.475153,7048.508112,6688.774746,5741.641249
SSD,..,..,..,..,..,..,..,..,..,..,..,..,..,1653.041537,1325.275077,1503.133889,1455.358407,1114.923723,1659.140787,1245.149311,1071.777765,..,..,..,..,..
ESP,15471.96272,16109.0844,14730.79718,15394.35146,15720.6405,14749.68742,15369.00116,17106.68658,21510.83625,24907.00085,26429.15094,28389.07858,32591.35031,35510.72223,32169.50285,30532.48051,31677.90031,28322.94659,29077.18206,29513.65118,25754.36103,26537.15949,28185.32137,30379.72111,29581.51855,26959.67544
LKA,716.8007675,758.5064169,818.0287965,850.9856552,838.5636427,869.7534886,832.4273196,865.3021391,978.1686456,1060.136943,1240.518312,1423.190623,1611.175582,2007.02666,2053.766445,2836.974098,3248.040215,3351.892489,3643.832449,3885.62361,3990.353123,4107.829762,4388.201908,4360.584742,4082.694048,3852.389968
KNA,7367.454411,7748.670312,8581.668224,8665.09906,9070.73027,9275.989746,9973.553451,10398.52528,10119.74478,10882.35294,11711.15471,13747.80934,14660.96321,16491.88509,16374.25689,16427.62101,17571.98446,17293.80605,18315.91468,19945.39267,20025.88485,21095.25404,22160.60363,22548.15063,23219.40905,18566.01785
LCA,5008.02743,5123.686514,5184.337012,5593.748414,5825.067308,5846.975502,5558.069371,5562.457123,6055.967957,6494.600349,6866.092387,7618.90542,7975.792541,8528.682085,8259.322338,8672.128999,9110.75181,9231.661827,9542.713574,10007.18689,10290.35048,10574.3026,11270.4329,11563.87207,11726.67715,8458.075063
MAF,..,..,..,..,..,..,..,..,..,..,..,..,..,..,..,..,21344.59032,..,..,21920.01805,..,..,..,..,..,..
VCT,2767.77031,2900.419012,3043.249417,3272.618741,3427.505755,3760.080457,4066.070638,4299.372868,4500.927334,4883.313665,5176.128147,5775.091747,6439.008398,6641.495878,6503.097772,6590.989579,6566.482713,6754.370184,7117.554763,7210.616549,7386.737484,7684.779282,7996.656233,8399.693967,8680.241982,8306.367581
SDN,483.7037659,307.8218384,388.8052368,366.1158752,339.2810059,378.1575012,471.3727722,529.4519043,607.0062256,737.1228027,945.6895752,1179.898193,1500.673096,1585.58252,1382.621338,1706.414917,1982.816528,1797.400757,1834.561157,2076.000977,2226.409424,2614.294434,3188.769287,769.8691406,748.0109253,608.3325195
SUR,1591.729379,1940.752728,2045.593051,2405.744246,1883.889099,1978.446611,1711.714461,2206.27291,2529.259422,2906.725278,3474.120757,5031.158465,5562.334068,6616.815126,7176.857658,7999.508366,8009.252302,8922.956186,9124.541093,9199.177893,8907.838127,5705.399232,6112.882912,6730.836783,6690.044786,4796.533314
SWZ,1781.708861,1646.223472,1732.770042,1568.816851,1519.966666,1686.657451,1481.163082,1362.970611,2075.561621,2599.15215,2964.972331,3053.932496,3200.512571,3022.456056,3270.1377,4035.534502,4360.959888,4396.57932,4111.128353,3928.522911,3583.31129,3339.990427,3824.046783,4021.445556,3818.540425,3372.904639
SWE,30283.09835,32999.1855,30312.51076,30596.64972,30940.97326,29624.76987,27247.76321,29899.1236,37321.77867,42821.75084,43437.13093,46593.29168,53700.24369,56152.55944,46946.84271,52869.04429,60755.75955,58037.82132,61126.9432,60020.36046,51545.48361,51965.15715,53791.50873,54589.06039,51939.42974,52837.90398
CHE,50115.13886,48092.25421,41584.08362,42680.19495,41696.94037,38864.0439,39638.43879,42458.53416,49337.54689,54659.6403,56243.9473,59008.99301,64991.00515,74175.87764,71565.56998,76531.37294,90476.75897,85836.20768,87304.33058,88724.99094,83806.4476,82153.07454,82254.37693,85216.64295,84121.93103,85656.32267
SYR,3553.746281,4184.29444,4397.5383,4542.949125,4588.98256,4941.852597,5187.206107,5276.064713,5433.642274,6241.058232,7221.643883,7914.771494,8695.844461,10155.97367,10288.14905,11304.64493,2971.282434,1910.604526,993.7398831,1071.234204,857.4978675,664.3416723,862.3190638,1111.872093,1124.520554,537.2113614
TJK,208.1695625,172.9164992,150.6469008,214.4293317,175.5555654,137.1819092,168.6385933,186.663376,233.094087,305.2660435,333.7139384,401.0268293,517.4348725,704.6501788,666.7212906,740.2761913,837.8814952,959.3602175,1038.320717,1094.430124,970.3625997,801.39384,844.3652499,850.6669582,889.0233718,852.3302296
TZA,176.9260254,214.6417694,248.7471619,387.0186462,390.4956055,399.4511414,394.7307739,400.4275513,419.7723694,447.5133362,480.2756348,473.367981,539.1223145,671.5736084,681.2437134,730.8132935,768.9334717,854.5432129,955.3212891,1012.984741,929.1072388,942.8813477,975.9245605,1011.59967,1050.932373,1104.164429
THA,2848.62249,3039.892156,2462.414344,1841.042933,2028.56878,2004.107042,1889.971411,2091.178887,2350.845515,2647.260738,2876.245758,3343.785932,3934.690956,4327.797517,4154.187432,4996.372098,5396.643527,5748.632782,6041.134013,5822.377723,5708.794147,5854.463852,6436.789649,7124.558867,7628.576087,7001.785413
TLS,..,..,..,..,..,417.9241996,534.6505771,516.1461855,529.2197975,465.9299421,476.9188074,456.2854678,532.4854173,621.7118407,682.172795,810.1416095,936.5983633,1019.964911,1201.423609,1221.534229,1322.300887,1347.926361,1283.525882,1239.366087,1584.263822,1660.308309
TGO,415.7778133,447.9265913,443.5350406,456.2062816,440.1397924,404.8220743,391.5160184,439.1275464,530.3920056,551.8476777,542.8178059,544.0055167,598.3065987,725.8544458,717.677305,709.1406701,779.7635197,759.8959722,826.4286073,853.0078138,760.2429116,787.2801616,814.4198376,873.5551563,848.3048269,875.2454099
TON,2089.197173,2216.683231,2135.860561,1889.670651,1953.371697,1996.515078,1754.842287,1760.667218,1937.042631,2195.985939,2478.427122,2751.960017,2799.368777,3221.079699,2915.494578,3416.110432,3852.143788,4378.572815,4208.188686,4125.426028,4117.93037,3978.438212,4367.25563,4649.613513,4878.978188,4605.970878
TTO,4074.880142,4385.12365,4352.827681,4569.646971,5130.866071,6120.945943,6592.75902,6692.822206,8352.463158,9756.513279,11673.85875,13340.91627,15627.28682,20011.14827,13682.76361,15711.53817,17910.31718,18961.23359,19821.52865,20327.98346,18389.53103,15991.10879,16094.66678,16164.16133,15690.9631,13871.79822
TUN,1940.034293,2076.989688,2170.570932,2253.028846,2343.997255,2170.508143,2207.660688,2292.483168,2693.195918,3029.849579,3106.575832,3279.10282,3678.061523,4200.17378,4029.461206,4241.01191,4361.948089,4233.917158,4308.337421,4398.638695,3960.924849,3796.109011,3569.718839,3577.16946,3477.844271,3497.733231
TUR,2855.036765,3009.67417,3098.668013,4433.354034,4057.822081,4278.266534,3100.458788,3640.76183,4704.77201,6031.79031,7369.431295,8003.812177,9668.399443,10802.60048,8989.735883,10614.98457,11308.37174,11697.47436,12507.80316,12020.34966,10851.92011,10734.25647,10464.00779,9400.836337,9103.012397,8561.064333
TKM,587.2840894,553.0594143,561.533872,587.9900867,544.4393372,635.7143118,762.6106328,949.5763727,1256.031867,1418.806266,1658.672779,2074.407389,2520.285026,3778.668539,3901.670283,4286.880505,5453.155005,6441.886618,7049.797505,7685.509859,6208.296655,6163.253406,6354.53283,6721.34954,7180.459552,7297.180042
TCA,..,..,..,..,..,..,18323.87374,17803.08282,18848.77869,21233.9324,24115.26568,28728.56972,29446.08269,31459.54343,24602.91102,23103.94268,23649.71443,22666.40691,22451.56873,24040.87466,25783.2941,26995.03216,25659.19586,26831.97146,27795.14856,20882.26127
TUV,1150.305635,1283.446069,1318.909032,1324.206539,1419.827916,1564.015195,1451.48412,1752.802286,2012.446828,2328.492145,2311.337166,2402.479309,2803.247294,3103.039909,2697.635293,3043.165323,3663.266294,3624.984174,3536.901175,3556.378789,3384.382534,3836.073071,4181.437569,4419.256323,4940.050682,4674.909088
UGA,278.3166133,284.4568035,286.5727449,292.1694813,257.6785777,257.8296057,235.8529749,241.8689302,250.6905884,292.4726656,330.6028543,346.7684624,401.7091877,473.3028336,799.9296321,824.7376712,837.0958843,796.7111393,819.7578674,897.5097285,864.1800594,753.6844055,766.177604,793.1280823,823.0247328,846.8811992
UKR,935.9589844,872.7136841,991.2426147,835.2367554,635.7579956,658.3446045,807.8019409,911.9068604,1087.787964,1416.60376,1894.460083,2391.323975,3197.934326,4066.53125,2639.37793,3078.414795,3704.842285,4004.789795,4187.739746,3104.653809,2124.662598,2187.727539,2638.325439,3096.5625,3661.457764,3751.737305
ARE,27010.67819,28596.50683,28709.24692,25905.84338,27261.90657,31855.5006,29909.00943,30221.967,32607.37293,37017.73637,42190.55438,45339.58512,43918.38017,45140.76908,31722.58876,34165.91331,40893.02336,44386.78608,45729.60768,46865.9646,41525.1389,41054.53957,43063.96748,46722.26872,45376.17084,37629.17417
GBR,23203.6289,24441.91991,26779.77879,28296.76027,28788.96929,28289.65269,27888.60511,30078.60813,34480.94106,40392.26486,42131.82707,44537.71234,50438.2296,47432.8791,38820.01459,39693.19387,42150.69814,42485.58607,43449.09172,47447.58893,45071.07432,41146.07736,40622.68939,43306.3083,42747.08046,40318.41692
USA,28690.8757,29967.71272,31459.13898,32853.67695,34515.39023,36329.95607,37133.62311,37997.75966,39490.27496,41724.63163,44123.40707,46302.00088,48050.22378,48570.04598,47194.94335,48650.64313,50065.9665,51784.41857,53291.12769,55123.84979,56762.72945,57866.74493,59907.75426,62823.30944,65120.39466,63528.6343
URY,6014.918523,6358.162597,7386.511161,7780.678597,7314.490951,6932.478325,6331.15676,4115.154614,3638.943548,4130.100115,5233.457171,5942.126667,7149.374634,9328.065857,9780.739473,12512.59413,14975.56256,16087.25208,18140.89192,18131.57885,16950.75338,16837.94038,18995.39702,19026.04961,18098.36155,15650.49943
UZB,585.9323642,600.5981578,623.0026524,623.2161328,702.4807441,558.2268024,456.7062895,383.343068,396.377979,465.1198869,546.7768502,654.2838373,830.4076942,1082.286025,1213.265328,1742.349256,2051.129515,2267.623275,2419.718744,2628.460054,2753.971058,2704.677189,1916.764625,1604.258642,1795.201768,1759.307471
VUT,1461.405119,1495.987983,1524.960497,1432.608422,1429.889094,1416.197024,1309.047584,1299.178899,1517.294454,1718.263029,1814.81782,1970.898405,2261.459294,2525.083912,2472.463556,2732.551557,3064.751212,2906.342461,2877.444528,2861.203164,2643.886894,2757.203306,3032.19702,3076.835315,3076.589886,2917.756849
VEN,3500.632677,3125.237788,3725.988118,3886.039254,4087.829348,4795.634748,4940.113903,3667.200194,3243.368805,4287.631579,5456.322425,6769.868414,8369.235268,11310.77817,11641.79915,13692.91497,10877.11236,12937.9276,12433.98079,15975.72938,..,..,..,..,..,..
VNM,281.1336045,329.00119,352.9344398,352.783068,367.1568837,394.5831366,409.4977339,434.8102921,485.4509081,551.9035051,693.1898425,790.5925164,913.3123316,1158.101627,1225.845009,1684.011667,1953.556979,2190.232284,2367.499542,2558.778924,2595.234979,2760.717101,2992.071746,3267.225009,3491.091279,3586.347297
VIR,..,..,..,..,..,..,..,30062.02251,31731.25662,35006.36144,40828.74609,41377.1466,44158.5054,39152.37507,38753.18254,39905.12842,38997.13732,37795.31926,34597.97669,33045.36438,34007.35294,35324.97489,35365.0693,36653.86305,38596.03071,39552.1686
PSE,1326.562857,1317.466751,1389.164971,1465.046057,1499.492177,1476.17185,1335.553195,1156.217473,1257.69857,1422.190886,1543.701414,1570.1044,1664.245717,2035.202341,2191.781787,2557.075624,2880.798437,3067.438727,3315.297539,3352.112595,3272.154324,3527.613824,3620.360487,3562.330943,3656.858271,3233.568638
YEM,264.4661909,348.2347289,399.712718,359.2170547,421.8212255,518.1486727,515.139982,543.9609809,583.3911504,669.1033619,785.4512497,867.7829367,956.2306352,1153.536424,1045.80558,1249.063085,1284.617635,1349.990295,1497.747941,1557.601406,1488.416267,1069.816997,893.7165729,701.7148778,..,..
ZMB,438.3836362,404.0904611,471.1722998,377.4625818,353.8302091,364.0261259,401.7323159,399.0990779,452.2865776,556.0500066,720.4465047,1065.596417,1133.436158,1393.519491,1150.941746,1469.36145,1644.456831,1729.647471,1840.320553,1724.57622,1307.909649,1249.923143,1495.752138,1475.199836,1268.120941,956.8317475
ZWE,646.8295598,765.1651241,750.6839091,554.3614836,585.3317992,565.2843897,569.0032086,529.1868828,474.3022011,477.399491,470.7837614,441.4987969,425.0368417,351.8391005,762.2979603,937.84034,1082.615773,1290.193957,1408.36781,1407.034291,1410.329173,1421.787791,1192.107012,2269.177012,1421.868596,1372.696674